[
  {
    "Therapy": "Psychoanalysis",
    "Core_Concept": "Uncover unconscious conflicts and repressed desires through insight and interpretation to resolve intrapsychic tension.",
    "Treatment_Stages": {
      "1. Free Association and Exploration": "Through encouraging free expression and spontaneous association, help the seeker reduce conscious control and defenses, allowing unconscious thoughts and emotions to emerge.",
      "2. Interpretation and Insight": "Through understanding dreams, slips, and resistance, help the seeker gain awareness of unconscious conflicts, desires, and hidden motivations.",
      "3. Working Through": "By repeatedly revisiting core conflicts and defenses, help the seeker emotionally process and integrate insights, gradually weakening rigid defense mechanisms.",
      "4. Resolution and Termination": "By consolidating therapeutic gains, help the seeker achieve symptom relief, stable ego functioning, and psychological readiness for ending the therapeutic process."
    }
  },
  {
    "Therapy": "Object-Relations Theory",
    "Core_Concept": "Focuses on how individuals internalize early caregiver relationships and unconsciously repeat these patterns in later interpersonal relationships.",
    "Treatment_Stages": {
      "1. Exploration of Internalized Relationships": "By exploring early relational experiences, help the seeker become aware of internalized relationship patterns and how they are reenacted in current relationships.",
      "2. Recognition of Transference": "Through reflection on emotional reactions within the therapeutic relationship, help the seeker recognize transference linked to early attachment experiences.",
      "3. Identification of Splitting and Projection": "By identifying patterns of idealization, devaluation, and projection, help the seeker develop a more continuous and integrated view of self and others.",
      "4. Integration of Self and Object": "Through stable and corrective relational experiences, help the seeker form integrated, secure internal representations of self and others."
    }
  },
  {
    "Therapy": "Systematic Desensitization",
    "Core_Concept": "Reduce anxiety responses by gradually pairing relaxation with feared stimuli in a controlled manner.",
    "Treatment_Stages": {
      "1. Relaxation Training": "Through structured relaxation exercises, help the seeker develop physiological and psychological responses that counteract anxiety.",
      "2. Construction of Anxiety Hierarchy": "By organizing feared situations from least to most distressing, help the seeker transform diffuse anxiety into a manageable and graded structure.",
      "3. Gradual Exposure with Relaxation": "By pairing relaxation with gradual exposure to feared stimuli, help the seeker weaken conditioned anxiety responses.",
      "4. Generalization to Real Life": "By applying learned coping and relaxation skills to everyday situations, help the seeker manage anxiety in real-world contexts."
    }
  },
  {
    "Therapy": "Cognitive Behavioral Therapy (CBT)",
    "Core_Concept": "Identify and modify maladaptive thoughts and behaviors that contribute to emotional distress.",
    "Treatment_Stages": {
      "1. Problem Identification and Goal Setting": "Through collaborative clarification of difficulties and desired changes, help the seeker establish concrete and achievable goals.",
      "2. Cognitive Monitoring": "By increasing awareness of automatic thoughts and emotional triggers, help the seeker understand the link between cognition and emotion.",
      "3. Cognitive Restructuring": "Through questioning, evidence evaluation, and alternative interpretations, help the seeker modify distorted beliefs.",
      "4. Behavioral Experimentation": "By testing new behaviors and beliefs in real-life situations, help the seeker revise maladaptive assumptions through direct experience.",
      "5. Maintenance and Relapse Prevention": "By consolidating effective strategies, help the seeker develop long-term self-monitoring and coping skills."
    }
  },
  {
    "Therapy": "Rational Emotive Behavior Therapy (REBT)",
    "Core_Concept": "Replace irrational beliefs with rational, reality-based thoughts to promote emotional health.",
    "Treatment_Stages": {
      "1. Examine Irrational Beliefs": "By analyzing sources of emotional distress, help the seeker identify rigid and irrational belief patterns.",
      "2. Debate Irrational Beliefs": "Through logical, empirical, and functional evaluation, help the seeker challenge and weaken irrational beliefs.",
      "3. Develop Rational Beliefs": "By reinforcing flexible and realistic thinking, help the seeker establish rational alternatives.",
      "4. Apply in Real Life": "Through repeated application in daily situations, help the seeker internalize rational thinking habits."
    }
  },
  {
    "Therapy": "Acceptance and Commitment Therapy (ACT)",
    "Core_Concept": "Increase psychological flexibility by accepting internal experiences and committing to value-based actions.",
    "Treatment_Stages": {
      "1. Acceptance": "By cultivating openness toward internal experiences, help the seeker reduce avoidance of thoughts and emotions.",
      "2. Cognitive Defusion": "By observing thoughts as transient mental events, help the seeker decrease their literal control over behavior.",
      "3. Self-as-Context": "By strengthening the observing self, help the seeker disengage from rigid self-concepts.",
      "4. Values Clarification": "Through systematic exploration, help the seeker identify core personal values.",
      "5. Committed Action": "By translating values into concrete plans, help the seeker engage in consistent value-driven behavior."
    }
  },
  {
    "Therapy": "Person-Centered Therapy",
    "Core_Concept": "Foster self-growth through empathy, unconditional positive regard, and genuineness.",
    "Treatment_Stages": {
      "1. Establish Therapeutic Relationship": "Through empathic and accepting interactions, help the seeker experience psychological safety and trust.",
      "2. Empathic Understanding": "By consistently reflecting emotional experiences, help the seeker feel deeply understood and validated.",
      "3. Self-Exploration": "Within a supportive atmosphere, help the seeker explore authentic feelings and needs.",
      "4. Self-Integration": "By promoting self-acceptance, help the seeker achieve congruence between real and ideal self."
    }
  },
  {
    "Therapy": "Existential Therapy",
    "Core_Concept": "Address existential concerns—freedom, meaning, isolation, and mortality—to foster authentic living.",
    "Treatment_Stages": {
      "1. Awareness of Existential Concerns": "Through reflection on life themes, help the seeker recognize concerns related to freedom, isolation, death, and meaning.",
      "2. Authenticity and Responsibility": "By emphasizing choice, help the seeker acknowledge responsibility for life decisions.",
      "3. Meaning-Making": "Through value exploration, help the seeker construct personal meaning.",
      "4. Integration and Authentic Living": "By applying insights to daily choices, help the seeker live more authentically."
    }
  },
  {
    "Therapy": "Solution-Focused Therapy",
    "Core_Concept": "Focus on constructing solutions and utilizing strengths rather than analyzing problems.",
    "Treatment_Stages": {
      "1. Goal Definition": "By envisioning a preferred future, help the seeker clarify concrete goals.",
      "2. Identify Exceptions": "By identifying moments of success, help the seeker recognize existing strengths.",
      "3. Scaling Questions": "Through quantitative reflection, help the seeker monitor progress and confidence.",
      "4. Action Steps": "By defining small, achievable steps, help the seeker initiate change.",
      "5. Reinforce Solutions": "By strengthening effective strategies, help the seeker consolidate progress."
    }
  },
  {
    "Therapy": "Narrative Therapy",
    "Core_Concept": "Re-author personal stories by externalizing problems and constructing empowering alternative narratives.",
    "Treatment_Stages": {
      "1. Externalization of the Problem": "By separating the problem from personal identity, help the seeker reduce self-blame.",
      "2. Mapping the Influence of the Problem": "Through systematic exploration, help the seeker understand how the problem affects different life domains.",
      "3. Deconstruction of Dominant Narratives": "By questioning limiting stories, help the seeker loosen restrictive interpretations.",
      "4. Re-authoring Preferred Stories": "By constructing alternative narratives, help the seeker develop empowered identities.",
      "5. Thickening Alternative Stories": "Through documentation and social validation, help the seeker strengthen new narratives."
    }
  }
]
